{"cameraMode":{"drawMode":0,"name":"Shaded","section":"Shading Mode"},"sceneLighting":false,"audioPlay":false,"sceneViewState":{"showFog":true,"showMaterialUpdate":false,"showSkybox":true,"showFlares":true,"showImageEffects":true,"showParticleSystems":true},"in2DMode":false,"pivot":{"x":0.0026329047977924349,"y":0.05330120027065277,"z":0.000589512288570404},"rotation":{"x":-0.025518037378787996,"y":0.9132025837898254,"z":-0.057892926037311557,"w":-0.40256467461586},"size":0.29768070578575137,"orthographic":false}